description,r,a,c,m,K,tau,V,w_r,w_m,tau_r,tau_m,Bc,Pc,B0,P0,t_0,t_f,Bf,Pf,t_B_V,t_P_V,t_B_c_1,t_P_c_1,t_B_c_2,t_P_c_2,Beq,Peq,lambda_1,Lambda_2
growth,0.9,3E-08,150,0.0028,,14,1,12.6,0.039,1.11,357.14,15900,2380000,1000,10000,0,14,0,307000000,10.25,,3.08,7.79,9.1,,622,30000000,"7,52994023880668i","-7,52994023880668i"
decay,3.7E-05,1E-10,150,0.1,,260,1,0.0096,26,27027.03,10,256000,38500000,66666666.67,1,0.1,260,3028.45,0.69,,256.331412,34.06,19.51,,81.61,6670000,370000,"0,28853076092507i","-0,28853076092507i"
growth-decay,0.1,3E-08,150,0.1,,200,1,20,20,10,10,1110,167000,55555.56,3333333.33,0,200,42500,1330000,,,,,,,22222.22,3333333.33,15i,-15i
growth-decay_long,0.1,3E-08,150,0.1,,200,1,20,20,10,10,1111.11111111111,166666.666666667,55555.56,3333333.33,0,250,11199.8689588731,1176235.34713651,,,,,,,22222.22,3333333.33,15i,-15i
